{"BDX": [4468600000.0, 286300000.0, -3500000.0, 282800000.0, 22800000.0, 358000000.0, 27500000.0, 330500000.0, 1.16, 1.15, 281394900.0, 284659200.0, 2209500000.0, 5882400000.0, 13992600000.0, 23612300000.0, 1629900000.0, 53531900000.0, 1689700000.0, 17077900000.0, 2600000.0, 30549700000.0, 357800000.0, 2000000.0, 13214900000.0, -2287700000.0, 18079900000.0, -6407800000.0, 23100000.0, 22982200000.0, 53531900000.0, 257000000.0, 547200000.0, 0.0, 0.0, 0.0, 57700000.0, 57700000.0, -88100000.0, 57400000.0, 217900000.0, 1049100000.0, -255800000.0, -50800000.0, 0.0, 0.0, -81700000.0, -388300000.0, 0.0, 0.0, -313300000.0, -256700000.0, 72300000.0, -497700000.0, -500000.0, 162600000.0, -255800000.0, 1044100000.0, 22980200000.0, -14624700000.0, 0.02472, 0.05749, 0.03175, 0.04196, 0.22988000000000003, 0.05882, 0.0774, 2.33672, 0.42890999999999996, 0.82319, 15.697400000000002, 3.6728699999999996, 1.00465, 80.64898000000001, -51.62532, 67530389377.3, 82381289377.3, 56.21567, 2.94829, -4.71826, 3.85942, 68.81796, 3.6011900000000003, -5.74061, 4.709390000000001, 0.06926000000000002, 0.24352000000000001, -14.51977, 1.41455, 1.4631200000000002, 0.02683, 1.4940499999999999, 0.008789999999999997, 0.05782, 0.02164, -0.02256, 0.02329, 0.03926, 1.03963, 281626100.0, 0.8019999999999999, 239.93679999999995, 0.09188291996960699, 0.031753413419304, 0.06726618587744201, 0.039999273346216, 2.0902344360974, 0.64651087340086, 243.22820022082973], "ES": [2299359200.0, 386311200.0, -84969600.0, 301341600.0, 0.0, 299461600.0, 0.0, 299461600.0, 0.8860000000000001, 0.884, 337961200.0, 339097600.0, 139351300.0, 30011430000.0, -3199.6, 4439631000.0, 5610481800.0, 44440301000.0, 1913809800.0, 15471655300.0, 5467669700.0, 30548014100.0, 1771000000.0, 0.0, 4564727800.0, -64325800.0, 7743359400.0, -278176500.0, 131999.7, 13892286900.0, 44440301000.0, 301341300.0, 303075200.0, -59242100.0, -12989000.0, 0.0, 35337400.0, -36893700.0, 77748700.0, 0.0, -172255300.0, 473016200.0, -765181200.0, -71744000.0, 4859400.0, 0.0, -93657999.99999997, -925723800.0, 92899200.0, 0.0, 515804800.0, -190879500.0, 40267599.99999998, 458092100.0, 0.0, 5384500.0, -765181200.0, 804190500.0, 13892286900.0, 9452659100.0, 0.025279999999999997, 0.08085, 0.035859999999999996, 0.046950000000000006, 0.34977, 0.16804000000000002, 0.13018, 3.19791, 0.31291, 1.2497000000000003, 6.77698, 2.3703, 1.1393099999999998, 40.938559999999995, 27.840609999999998, 28563265542.0, 43895569542.0, 25.909119999999994, 2.0598400000000003, 3.0370700000000004, 3.17673, 39.770970000000005, 3.16317, 4.66225, 4.877109999999999, 0.057719999999999994, 0.07128999999999999, 0.46894, 0.7547499999999999, 0.6743599999999998, 0.03192, 3.892909999999999, 0.08935000000000001, 0.08901, 0.011519999999999999, 0.031369999999999995, 0.020579999999999998, 0.01954, 0.5896399999999999, 339361600.0, 0.5186, 84.16499999999999, 0.14510824468719002, 0.025919919540239998, 0.085252061597079, 0.03581695157861399, 3.3724267442687994, 1.4562253678967998, 85.60872151022743], "HR": [127577000.0, 16866500.0, 0.0, 16866500.0, 0.0, 16866500.0, 0.0, 16866500.0, 0.119, 0.119, 136658300.0, 136729500.0, 35681200.0, 138461400.0, 993700.0, 699000.0, 3515749800.0, 3820522800.0, 115050000.0, 1478053000.0, 62281600.0, 1846770600.0, 1100000.0, 0.0, -1656445600.0, -14167600.0, 3642967600.0, 0.0, 297799.999999962, 1973752200.0, 3820522800.0, 16866400.0, 49406000.0, 0.0, 0.0, 0.0, 455300.0, 455300.0, 0.0, 2793000.0, 12996900.0, 82517600.0, -22843000.0, -8960000.0, 0.0, 0.0, -99306200.0, -131109200.0, 64104700.0, 0.0, 27856400.0, -41698500.0, -1115200.0000000016, 49147400.0, 0.0, 555800.0, -22843000.0, 70030400.0, 1973752200.0, 1972059500.0, 0.016620000000000003, 0.03232999999999999, 0.01727, 0.021820000000000003, 0.5488899999999999, 0.13335000000000002, 0.13335000000000002, 1.9361500000000003, 0.5166000000000001, 0.86385, 0.9328799999999999, 0.51202, 0.12355000000000001, 14.425040000000001, 14.41304, 4272062302.0, 5714434102.0, 87.69513000000002, 2.1672700000000003, 2.1690300000000002, 8.59224, 116.26886999999999, 2.8964799999999995, 2.89887, 11.481910000000001, 0.06633, 0.062270000000000006, 2.1353, 2.1353, 2.2401000000000004, 0.055689999999999996, 4.128869999999999, 0.08471, 0.07377, 0.01446, 0.010230000000000003, 0.01801, 0.01188, 2.04183, 139778400.0, 0.30119999999999997, 30.575, -0.06121925067462299, 0.0050914987978427, 0.009565953854144998, 0.005263957906463201, 1.8408535740784004, 0.7827511907312601, 30.93797130687262], "K": [3211200000.0, 363200000.0, -85100000.0, 278100000.0, 0.0, 313100000.0, 0.0, 313100000.0, 0.9170000000000001, 0.9099999999999999, 342064500.0, 344153700.0, 618900000.0, 4223100000.0, 2487900000.0, 5793800000.0, 1403000000.0, 18163400000.0, 894300000.0, 6968200000.0, 495100000.0, 14543300000.0, 105000000.0, 0.0, 8360700000.0, -1660600000.0, 954500000.0, -4671800000.0, 0.0, 3620100000.0, 18163400000.0, 315900000.0, 118700000.0, 16000000.0, -18100000.0, 0.0, 41500000.0, 39400000.0, 21800000.0, 17100000.0, -78600000.0, 434300000.0, -135000000.0, -1000000.0, 1400000.0, 0.0, 133400000.0, -1200000.0, -1300000.0, 0.0, -235700000.0, -195900000.0, -9300000.0, -442200000.0, 3700000.0, -5400000.0, -135000000.0, 495400000.0, 3620100000.0, -4661600000.0, 0.0635, 0.32216, 0.09215999999999999, 0.11593, 0.14885, 0.10789, 0.12145999999999998, 5.05132, 0.19923, 2.3306500000000003, 9.33421, 1.43981, 1.05579, 10.51874, -13.545570000000001, 20611300969.6, 26915600969.6, 18.49452, 5.7365, -4.449419999999999, 1.52583, 24.198559999999997, 7.4927399999999995, -5.80891, 1.99182, -0.05775000000000001, -0.022839999999999992, 0.31783, 0.47937, 0.4828200000000001, -0.00206, 0.52975, -0.0003499999999999984, 0.07978, -0.00828, -0.014089999999999997, 0.006529999999999999, 0.03227000000000001, 0.69693, 341970500.0, 0.5730000000000001, 60.2736, 0.09614920474018299, 0.062120447800692, 0.2840948204732, 0.09340167572951599, 4.300506533592, 1.7370510474671002, 60.17758601071954], "KMB": [4780300000.0, 662900000.0, -145600000.0, 517300000.0, 0.0, 538400000.0, 0.0, 538400000.0, 1.583, 1.576, 339800000.0, 341690000.0, 628800000.0, 7670500000.0, 408900000.0, 1627000000.0, 1183800000.0, 16688500000.0, 1076700000.0, 7340800000.0, 643000000.0, 16166800000.0, 473000000.0, 0.0, 7371300000.0, -3357400000.0, 597500000.0, -4792600000.0, 0.0, 521700000.0, 16688500000.0, 547600000.0, 200900000.0, 0.0, 0.0, 0.0, 64600000.0, 64600000.0, -2200000.0, 22100000.0, -6100000.0, 826900000.0, -286400000.0, 0.0, -21400000.0, 0.0, -80300000.0, -388100000.0, -157000000.0, 0.0, 43500000.0, -367500000.0, 16800000.0, -464200000.0, -1000000.0, -26400000.0, -286400000.0, 948000000.0, 521700000.0, -1514200000.0, 0.13297000000000003, 9.21094, 0.24237000000000003, 0.27876, 0.19878999999999997, 0.13901999999999998, 0.11294, 76.78522000000001, 0.030310000000000004, 40.02147, 13.99233, 2.77239, 1.93819, 1.5318100000000001, -4.437009999999999, 46816588032.0, 53528588032.0, 21.59342, 223.12229000000002, -34.048199999999994, 2.4755700000000003, 24.706930000000003, 253.37518, -38.75833, 2.8298700000000006, 0.02321, -0.005080000000000001, 0.047429999999999986, 0.049969999999999994, 0.06154, -0.008879999999999999, 0.23201999999999998, 0.07085, 4.03222, 0.0036199999999999995, 0.026860000000000005, 0.010820000000000001, 0.024119999999999996, 0.7242000000000001, 339353600.0, 1.0900000000000003, 137.95000000000002, 0.11971621036631001, 0.10195711242038, 2.4379898969068, 0.19063186963224, 24.307284942599004, 11.698900437777, 137.07632619073559],