{"BDX": [459517181.3980409, 378048951.8567668, 82452713.72125965, 325792510.65670615, 45635074.230245315, 244584954.5658931, 9457801.012920499, 246505679.44775632, 0.8509171522539665, 0.8427099145020189, 8845286.795237336, 8272244.711080542, 1162541633.66307, 206977873.21353942, 819372589.2413048, 174830803.92196336, 355608337.92249584, 1090401618.6708455, 1159043748.095817, 727862548.8373475, 9178235.124467013, 727275470.50619, 8818163.074019441, 1.0, 394564684.17738557, 176245311.99439037, 1473065066.4515808, 508909382.8964052, 300000.0, 1511568509.859874, 1090401618.6708455, 325318613.0549557, 19913814.300630607, 1.0, 1.0, 1.0, 189589583.0471706, 189589583.0471706, 67191442.90756078, 13469966.59238619, 346606823.360418, 322559591.3935904, 82143532.91647492, 72572446.56203896, 1.0, 1.0, 56566863.09138947, 118346144.8463785, 1.0, 1.0, 1053423091.6398215, 7184010.022264724, 1012394493.2683108, 812150607.953968, 10190682.018393077, 710420326.2857841, 82143532.91647492, 369564459.8713464, 1511568509.859874, 2071123465.658192, 0.007947678906448097, 0.01668864584081045, 0.010543078298106297, 0.008725961265098532, 0.06920401433443005, 0.07974283416081973, 0.04490908594037514, 0.11641955849426679, 0.02083350426596544, 0.10445254855674896, 1.5088886519554714, 1.2760691031836795, 1.295612317207582, 3.182673965645869, 8.806473887294507, 2871824320.0158668, 3171944467.963186, 16.858568150531053, 0.1921947525298233, 0.7352706021595042, 0.23497110801117657, 21.204098178522, 0.2897371272377775, 0.7893084016403221, 0.29209844727420237, 0.14732123540073916, 0.9498083688829027, 68.97862120050024, 2.466220612293231, 2.5766631505883733, 0.02976924755515329, 2.1544130761068083, 0.030150669975972343, 0.07606297128038057, 0.015843875788455298, 0.04804479576395345, 0.03099972419232145, 0.0366272357679364, 0.5960778104408854, 8998361.10022264, 0.02399999999999997, 11.025293762979743, 1.3877787807814457e-17, 1.0, 1.3877787807814457e-17, 1.0, 1.0, 1.0, 4.645730782008226], "ES": [238436151.81251353, 51044983.20462061, 17635817.935100146, 39025427.67273666, 1.0, 39025427.67273666, 1.0, 39025427.67273666, 0.11508257904652643, 0.1145600279329575, 7906648.921003132, 7242211.985298415, 204436219.08167347, 2129768498.2410645, 1249.2238550396, 19832358.130086295, 411284963.5923492, 3028641350.0839944, 728939549.5989773, 1300371891.6605396, 143262837.32570004, 2342569915.395972, 30594117.081556708, 1.0, 297436818.8132734, 10393666.685053932, 470302577.1594708, 15405910.80884217, 79999.90000125, 778434358.6391149, 3028641350.0839944, 39025759.25731619, 38757001.12186184, 61524448.48586617, 45123965.6191696, 1.0, 140219578.59029528, 145881074.67389318, 39306757.91018639, 1.0, 196982563.1141244, 133113334.12006477, 81809978.53782874, 62523986.87543845, 15516750.872524828, 1.0, 339483346.18770325, 414584811.5941538, 186880184.18216524, 1.0, 493399052.75624514, 11903355.327385636, 129216692.45434198, 372843306.5638835, 1.0, 285332314.68596405, 81809978.53782874, 87101802.32377514, 778434358.6391149, 767134861.9694519, 0.0020068881383873893, 0.005745302428941407, 0.00276050719977326, 0.0014256577429383242, 0.01433583272781877, 0.014452833632198223, 0.010492263816736593, 0.09102975832111174, 0.009154064670953555, 0.08001611087774761, 0.6453936284160234, 0.23956230504818568, 0.14872776102664892, 1.4826861995715743, 1.7197155052217212, 1326732023.721315, 2241186566.562824, 2.922926273377418, 0.10543054775538249, 0.2256741635633109, 0.15143323314253052, 4.1148201139418, 0.12421006440703591, 0.2839680941584811, 0.13312106106848762, 0.06451410388434456, 0.0746903132942954, 1.2259291881670817, 2.08972811879919, 1.9434173083514512, 0.019259221168053498, 9.31468198871545, 0.024924937311856972, 0.0450326870173211, 0.009379850745081183, 0.07175218533257367, 0.0026171740484728944, 0.0035293625486764605, 0.2142535843340783, 6765054.149081144, 0.17472790275167843, 3.4376859949681293, 2.7755575615628914e-17, 3.469446951953614e-18, 1.0, 6.938893903907228e-18, 4.440892098500626e-16, 2.220446049250313e-16, 1.8856849755496776], "HR": [5575715.111086649, 23503560.680245876, 1.0, 23503560.680245876, 1.0, 23503560.680245876, 1.0, 23503560.680245876, 0.17558188972670274, 0.17558188972670274, 5425621.753310859, 5410065.678898917, 40055910.03035632, 6936226.786949804, 2054954.3084944736, 1398001.788267812, 169040490.4174145, 218041169.83487317, 124860412.06082895, 185071122.3789384, 13735905.3374723, 113187266.69745144, 300000.0, 1.0, 72175426.63289216, 4751888.092116648, 184945334.54845515, 1.0, 268601.48919909314, 116296836.67305832, 218041169.83487317, 23503621.377141014, 2105792.5348903676, 1.0, 1.0, 1.0, 9549124.222147286, 9549124.222147286, 1.0, 806734.776738923, 79557112.38154638, 75200416.11879551, 5202922.755528858, 14495193.768970458, 1.0, 1.0, 65570411.10256973, 70722996.08726995, 38124848.42212491, 1.0, 78282777.42798859, 1891551.387089444, 2173712.851321443, 75639682.43085107, 1.0, 78505340.34802982, 5202922.755528858, 3323574.828403898, 116296836.67305832, 114746569.84524636, 0.008342637472646165, 0.01644457661358297, 0.008695291829490255, 0.0005268775948927797, 0.011998787438737307, 0.1889435749106066, 0.1889435749106066, 0.036102527612343185, 0.009581857857430362, 0.035367166977296895, 0.008324277746447414, 0.009026494336119635, 0.17492736349696694, 0.29961550427172484, 0.2879713673266841, 268718399.31485134, 327833974.1455005, 42.624009360196276, 0.12602942553229385, 0.12586360117206247, 0.5460862389769586, 54.59860996003562, 0.08103002900159915, 0.0817481993685488, 0.40392395930422353, 0.02159185263010101, 0.031915953690905115, 4.917539889619606, 4.917539889619606, 5.456570257222022, 0.018654782228694065, 7.105723456629874, 0.027400490871515422, 0.03378600449890457, 0.002162960933535324, 0.09992058896944114, 0.002503377718203947, 0.006183170707654771, 7.4641828044401475, 5989581.958701291, 0.0014696938456699082, 1.6776307698656456, 6.938893903907228e-18, 1.0, 1.734723475976807e-18, 8.673617379884035e-19, 4.440892098500626e-16, 1.1102230246251565e-16, 1.591162545909019],